{"mean":{"confidence_interval":{"confidence_level":0.95,"lower_bound":34524195.0,"upper_bound":35936098.0},"point_estimate":35191556.5,"standard_error":361183.15618387},"median":{"confidence_interval":{"confidence_level":0.95,"lower_bound":33499100.0,"upper_bound":34367250.0},"point_estimate":34079100.0,"standard_error":261211.36961896098},"median_abs_dev":{"confidence_interval":{"confidence_level":0.95,"lower_bound":1217733.488380909,"upper_bound":2415340.682119131},"point_estimate":1839461.7873430252,"standard_error":320759.0624598607},"slope":null,"std_dev":{"confidence_interval":{"confidence_level":0.95,"lower_bound":2604947.691895146,"upper_bound":4690091.053681317},"point_estimate":3652222.02340786,"standard_error":546989.7351789243}}