{"mean":{"confidence_interval":{"confidence_level":0.95,"lower_bound":5928202.791666667,"upper_bound":6441549.791666665},"point_estimate":6160471.16666667,"standard_error":130819.37701543202},"median":{"confidence_interval":{"confidence_level":0.95,"lower_bound":5733491.666666666,"upper_bound":5860666.666666667},"point_estimate":5766550.0,"standard_error":33088.90345694257},"median_abs_dev":{"confidence_interval":{"confidence_level":0.95,"lower_bound":200447.51644134521,"upper_bound":346088.2538557055},"point_estimate":260690.49537181878,"standard_error":37302.06938159536},"slope":null,"std_dev":{"confidence_interval":{"confidence_level":0.95,"lower_bound":702396.6645041395,"upper_bound":1793205.821050652},"point_estimate":1316441.404525096,"standard_error":277176.4302828707}}