{"mean":{"confidence_interval":{"confidence_level":0.95,"lower_bound":56725493.0,"upper_bound":58544823.0},"point_estimate":57607699.0,"standard_error":464744.69895424816},"median":{"confidence_interval":{"confidence_level":0.95,"lower_bound":55366700.0,"upper_bound":57226300.0},"point_estimate":56085450.0,"standard_error":465155.20401025465},"median_abs_dev":{"confidence_interval":{"confidence_level":0.95,"lower_bound":2296176.7092347145,"upper_bound":4364551.932513714},"point_estimate":3080323.83531332,"standard_error":534522.8939709956},"slope":null,"std_dev":{"confidence_interval":{"confidence_level":0.95,"lower_bound":3725167.2003707676,"upper_bound":5510982.929841651},"point_estimate":4694930.915477894,"standard_error":455350.72982262727}}